ds,trend,yhat_lower,yhat_upper,trend_lower,trend_upper,additive_terms,additive_terms_lower,additive_terms_upper,yearly,yearly_lower,yearly_upper,multiplicative_terms,multiplicative_terms_lower,multiplicative_terms_upper,yhat
2016-04-01,3748.0627200000004,3073.814659796201,6236.704266997383,3748.0627200000004,3748.0627200000004,896.4646677103693,896.4646677103693,896.4646677103693,896.4646677103693,896.4646677103693,896.4646677103693,0.0,0.0,0.0,4644.52738771037
2016-05-01,3854.2313977208323,3168.2262886062485,6225.077554217706,3854.2313977208323,3854.2313977208323,881.7419971843481,881.7419971843481,881.7419971843481,881.7419971843481,881.7419971843481,881.7419971843481,0.0,0.0,0.0,4735.973394905181
2016-06-01,3963.9390313656922,1204.2990031595264,4380.08768936445,3963.9390313656922,3963.9390313656922,-1099.8387103251487,-1099.8387103251487,-1099.8387103251487,-1099.8387103251487,-1099.8387103251487,-1099.8387103251487,0.0,0.0,0.0,2864.1003210405433
2016-07-01,4070.107709086524,1683.6717248656544,4748.550364998397,4070.107709086524,4070.107709086524,-906.3852287966843,-906.3852287966843,-906.3852287966843,-906.3852287966843,-906.3852287966843,-906.3852287966843,0.0,0.0,0.0,3163.72248028984
2016-08-01,4179.815346437798,1974.8773467237806,5202.540393217347,4179.815346437798,4179.815346437798,-628.1631477039409,-628.1631477039409,-628.1631477039409,-628.1631477039409,-628.1631477039409,-628.1631477039409,0.0,0.0,0.0,3551.6521987338574
2016-09-01,4289.522983789072,2386.432834427242,5516.505034763018,4289.522983789072,4289.522983789072,-374.1123845211149,-374.1123845211149,-374.1123845211149,-374.1123845211149,-374.1123845211149,-374.1123845211149,0.0,0.0,0.0,3915.410599267957
2016-10-01,4395.691665096757,2568.3188304054665,5709.095111564328,4395.691665096757,4395.691665096757,-215.67423160592298,-215.67423160592298,-215.67423160592298,-215.67423160592298,-215.67423160592298,-215.67423160592298,0.0,0.0,0.0,4180.017433490834
2016-11-01,4505.399302448031,2750.4822243871517,5904.264207963237,4505.399302448031,4505.399302448031,-219.7776825983403,-219.7776825983403,-219.7776825983403,-219.7776825983403,-219.7776825983403,-219.7776825983403,0.0,0.0,0.0,4285.621619849691
2016-12-01,4611.5679864708445,2921.7293865221855,6104.222718816371,4611.5679864708445,4611.5679864708445,-23.606544386553338,-23.606544386553338,-23.606544386553338,-23.606544386553338,-23.606544386553338,-23.606544386553338,0.0,0.0,0.0,4587.961442084291
2017-01-01,4721.27562662775,2986.8246472215624,6250.841817998954,4721.27562662775,4721.27562662775,-117.50296513456479,-117.50296513456479,-117.50296513456479,-117.50296513456479,-117.50296513456479,-117.50296513456479,0.0,0.0,0.0,4603.772661493185
2017-02-01,4830.983266784658,2559.200284908804,5791.1729065422105,4830.983266784658,4830.983266784658,-597.3694226955032,-597.3694226955032,-597.3694226955032,-597.3694226955032,-597.3694226955032,-597.3694226955032,0.0,0.0,0.0,4233.613844089155
2017-03-01,4930.074043889148,3520.2052704048388,6780.735984091439,4930.074043889148,4930.074043889148,245.97621538077348,245.97621538077348,245.97621538077348,245.97621538077348,245.97621538077348,245.97621538077348,0.0,0.0,0.0,5176.050259269921
2017-04-01,5039.781689969119,4112.665610708351,7286.984644696653,5039.781689969119,5039.781689969119,653.8862874637367,653.8862874637367,653.8862874637367,653.8862874637367,653.8862874637367,653.8862874637367,0.0,0.0,0.0,5693.667977432856
2017-05-01,5145.9503797239295,4236.591667366942,7544.648895425647,5145.9503797239295,5145.9503797239295,753.1197123739207,753.1197123739207,753.1197123739207,753.1197123739207,753.1197123739207,753.1197123739207,0.0,0.0,0.0,5899.070092097851
2017-06-01,5255.658025803901,2593.499454044423,5866.419494724951,5255.658025803901,5255.658025803901,-981.0754057592007,-981.0754057592007,-981.0754057592007,-981.0754057592007,-981.0754057592007,-981.0754057592007,0.0,0.0,0.0,4274.582620044701
2017-07-01,5361.826715352353,2998.356321035519,6261.911967437624,5361.826715352353,5361.826715352353,-706.2575292181256,-706.2575292181256,-706.2575292181256,-706.2575292181256,-706.2575292181256,-706.2575292181256,0.0,0.0,0.0,4655.5691861342275
2017-08-01,5471.534361219086,3266.6142645166988,6528.922432337696,5471.534361219086,5471.534361219086,-535.9301908410284,-535.9301908410284,-535.9301908410284,-535.9301908410284,-535.9301908410284,-535.9301908410284,0.0,0.0,0.0,4935.6041703780575
2017-09-01,5581.242007085822,3713.6367935713447,6855.148422414567,5581.242007085822,5581.242007085822,-462.39896696488483,-462.39896696488483,-462.39896696488483,-462.39896696488483,-462.39896696488483,-462.39896696488483,0.0,0.0,0.0,5118.843040120937
2017-10-01,5687.410691942359,3766.211002818156,6953.470015032088,5687.410691942359,5687.410691942359,-308.9618786713091,-308.9618786713091,-308.9618786713091,-308.9618786713091,-308.9618786713091,-308.9618786713091,0.0,0.0,0.0,5378.44881327105
2017-11-01,5797.118332960781,3924.530966897516,7108.278115301644,5797.118332960781,5797.118332960781,-322.15919549569884,-322.15919549569884,-322.15919549569884,-322.15919549569884,-322.15919549569884,-322.15919549569884,0.0,0.0,0.0,5474.959137465083
2017-12-01,5903.287017817319,4151.597372624553,7442.864501401228,5903.287017817319,5903.287017817319,-102.87851233151372,-102.87851233151372,-102.87851233151372,-102.87851233151372,-102.87851233151372,-102.87851233151372,0.0,0.0,0.0,5800.408505485805
2018-01-01,6012.994658835741,4398.578259226606,7476.544172533173,6012.994658835741,6012.994658835741,-7.6630855684864905,-7.6630855684864905,-7.6630855684864905,-7.6630855684864905,-7.6630855684864905,-7.6630855684864905,0.0,0.0,0.0,6005.3315732672545
2018-02-01,6120.481449204444,4300.369867198091,7529.505546625628,6120.481449204444,6120.481449204444,-265.1310886010869,-265.1310886010869,-265.1310886010869,-265.1310886010869,-265.1310886010869,-265.1310886010869,0.0,0.0,0.0,5855.350360603357
2018-03-01,6217.566292118111,4771.031473778199,7903.970886012396,6217.566292118111,6217.566292118111,110.20229298869342,110.20229298869342,110.20229298869342,110.20229298869342,110.20229298869342,110.20229298869342,0.0,0.0,0.0,6327.7685851068045
2018-04-01,6325.053082486813,5078.993963016171,8390.55759561798,6325.053082486813,6325.053082486813,410.12003741540696,410.12003741540696,410.12003741540696,410.12003741540696,410.12003741540696,410.12003741540696,0.0,0.0,0.0,6735.17311990222
2018-05-01,6424.457206568675,5463.838096813675,8587.183660235292,6424.457206568675,6424.457206568675,631.0424204476944,631.0424204476944,631.0424204476944,631.0424204476944,631.0424204476944,631.0424204476944,0.0,0.0,0.0,7055.49962701637
2018-06-01,6527.174801453266,4115.712883378412,7314.447328853219,6527.174801453266,6527.174801453266,-855.2054337270572,-855.2054337270572,-855.2054337270572,-855.2054337270572,-855.2054337270572,-855.2054337270572,0.0,0.0,0.0,5671.9693677262085
2018-07-01,6626.5789255351265,4505.266740721208,7707.476073954395,6626.5789255351265,6626.5789255351265,-506.4519762057039,-506.4519762057039,-506.4519762057039,-506.4519762057039,-506.4519762057039,-506.4519762057039,0.0,0.0,0.0,6120.126949329422
2018-08-01,6729.296520419717,4643.392087208525,7910.362193568135,6729.296520419717,6729.296520419717,-449.2502562700461,-449.2502562700461,-449.2502562700461,-449.2502562700461,-449.2502562700461,-449.2502562700461,0.0,0.0,0.0,6280.046264149671
2018-09-01,6823.010756380944,4649.1916908519015,7765.05900908611,6823.010756380944,6823.010756380944,-555.4581792539117,-555.4581792539117,-555.4581792539117,-555.4581792539117,-555.4581792539117,-555.4581792539117,0.0,0.0,0.0,6267.552577127032
2018-10-01,6913.701952472453,4987.005295613303,8089.451538357016,6913.701952472453,6913.701952472453,-403.263216696073,-403.263216696073,-403.263216696073,-403.263216696073,-403.263216696073,-403.263216696073,0.0,0.0,0.0,6510.43873577638
2018-11-01,7007.416188433678,5099.524853090399,8096.711477969436,7007.416188433678,7007.416188433678,-422.94581624792215,-422.94581624792215,-422.94581624792215,-422.94581624792215,-422.94581624792215,-422.94581624792215,0.0,0.0,0.0,6584.470372185756
2018-12-01,7097.788207470259,5246.606221417054,8603.155199617624,7097.788207470259,7097.788207470259,-176.6787054355708,-176.6787054355708,-176.6787054355708,-176.6787054355708,-176.6787054355708,-176.6787054355708,0.0,0.0,0.0,6921.109502034688
2019-01-01,7191.172627141392,5718.1825865945075,8945.300346203087,7191.172627141392,7191.172627141392,108.31031394040112,108.31031394040112,108.31031394040112,108.31031394040112,108.31031394040112,108.31031394040112,0.0,0.0,0.0,7299.482941081793
2019-02-01,7284.557046812523,5786.757503444484,8969.072194479771,7284.557046812523,7284.557046812523,64.48396759649603,64.48396759649603,64.48396759649603,64.48396759649603,64.48396759649603,64.48396759649603,0.0,0.0,0.0,7349.041014409019
2019-03-01,7368.904264579997,5623.488359135504,8820.480419430567,7368.904264579997,7368.904264579997,-34.03786812814634,-34.03786812814634,-34.03786812814634,-34.03786812814634,-34.03786812814634,-34.03786812814634,0.0,0.0,0.0,7334.866396451851
2019-04-01,7462.283237030794,5943.557222188801,9210.994980924328,7462.283237030794,7462.283237030794,165.5369292943012,165.5369292943012,165.5369292943012,165.5369292943012,165.5369292943012,165.5369292943012,0.0,0.0,0.0,7627.820166325096
2019-05-01,7552.649984563822,6333.280849460807,9625.662747190372,7552.649984563822,7552.649984563822,515.7009887035831,515.7009887035831,515.7009887035831,515.7009887035831,515.7009887035831,515.7009887035831,0.0,0.0,0.0,8068.350973267405
2019-06-01,7646.028957014619,5307.762736697379,8507.413330515596,7646.028957014619,7646.028957014619,-722.3870278817384,-722.3870278817384,-722.3870278817384,-722.3870278817384,-722.3870278817384,-722.3870278817384,0.0,0.0,0.0,6923.64192913288
2019-07-01,7736.3956991154355,5859.404871048385,8977.808000857065,7736.3956991154355,7736.3956991154355,-307.2824949143292,-307.2824949143292,-307.2824949143292,-307.2824949143292,-307.2824949143292,-307.2824949143292,0.0,0.0,0.0,7429.113204201106
2019-08-01,7829.7746659529475,5795.0977675449085,8958.138838561576,7829.7746659529475,7829.7746659529475,-368.269614797755,-368.269614797755,-368.269614797755,-368.269614797755,-368.269614797755,-368.269614797755,0.0,0.0,0.0,7461.505051155193
2019-09-01,7923.15363279046,5699.794335475118,8817.483490955601,7923.15363279046,7923.15363279046,-653.1836043780919,-653.1836043780919,-653.1836043780919,-653.1836043780919,-653.1836043780919,-653.1836043780919,0.0,0.0,0.0,7269.970028412367
2019-10-01,8013.520374891277,5911.306369012212,9061.486201528394,8013.520374891277,8013.520374891277,-498.3937100604715,-498.3937100604715,-498.3937100604715,-498.3937100604715,-498.3937100604715,-498.3937100604715,0.0,0.0,0.0,7515.126664830806
2019-11-01,8106.899344636957,5868.403042847635,9210.307304231981,8106.899344636957,8106.899344636957,-521.9545458300447,-521.9545458300447,-521.9545458300447,-521.9545458300447,-521.9545458300447,-521.9545458300447,0.0,0.0,0.0,7584.944798806912
2019-12-01,8197.266089552133,6507.380847220932,9542.512127488939,8197.266089552133,8197.266089552133,-244.94153319336536,-244.94153319336536,-244.94153319336536,-244.94153319336536,-244.94153319336536,-244.94153319336536,0.0,0.0,0.0,7952.324556358768
2020-01-01,8290.645059297813,6853.733907162027,10234.498633013462,8290.645059297813,8290.645059297813,230.19407263210917,230.19407263210917,230.19407263210917,230.19407263210917,230.19407263210917,230.19407263210917,0.0,0.0,0.0,8520.839131929923
2020-02-01,8384.024028547143,7211.860444761297,10321.000014494462,8384.024028547143,8384.024028547143,391.050084632789,391.050084632789,391.050084632789,391.050084632789,391.050084632789,391.050084632789,0.0,0.0,0.0,8775.074113179931
2020-03-01,8471.378548167486,7295.106904120633,10478.179613290824,8471.378548167486,8471.378548167486,373.11110211633587,373.11110211633587,373.11110211633587,373.11110211633587,373.11110211633587,373.11110211633587,0.0,0.0,0.0,8844.489650283822
2020-04-01,8564.757517416816,7796.787849238429,10988.892678806185,8564.757517416816,8564.757517416816,896.4646677096514,896.4646677096514,896.4646677096514,896.4646677096514,896.4646677096514,896.4646677096514,0.0,0.0,0.0,9461.222185126468
2020-05-01,8655.124261851654,7944.379471675815,11160.457706560966,8655.124261851654,8655.124261851654,881.7419971833635,881.7419971833635,881.7419971833635,881.7419971833635,881.7419971833635,881.7419971833635,0.0,0.0,0.0,9536.866259035018
2020-06-01,8748.503233901676,6067.430297573959,9375.143042622722,8748.503233901676,8748.503233901676,-1099.8387103239777,-1099.8387103239777,-1099.8387103239777,-1099.8387103239777,-1099.8387103239777,-1099.8387103239777,0.0,0.0,0.0,7648.664523577699
2020-07-01,8838.869981046862,6301.139889962609,9577.103391214137,8838.869981046862,8838.869981046862,-906.3852287949505,-906.3852287949505,-906.3852287949505,-906.3852287949505,-906.3852287949505,-906.3852287949505,0.0,0.0,0.0,7932.484752251912
2020-08-01,8932.248953096889,6583.361148471609,9844.749859045245,8932.248953096889,8932.248953096889,-628.1631477058061,-628.1631477058061,-628.1631477058061,-628.1631477058061,-628.1631477058061,-628.1631477058061,0.0,0.0,0.0,8304.085805391083
2020-09-01,9025.627932743688,6981.866575560644,10216.083021172715,9025.627932743688,9025.627932743688,-374.11238452179714,-374.11238452179714,-374.11238452179714,-374.11238452179714,-374.11238452179714,-374.11238452179714,0.0,0.0,0.0,8651.51554822189
2020-10-01,9115.994687240593,7291.599448513361,10548.843890940489,9115.994687240593,9115.994687240593,-215.67423160744983,-215.67423160744983,-215.67423160744983,-215.67423160744983,-215.67423160744983,-215.67423160744983,0.0,0.0,0.0,8900.320455633142
2020-11-01,9209.373666887395,7468.490737149929,10657.775974776918,9209.373666887395,9209.373666887395,-219.7776825996529,-219.7776825996529,-219.7776825996529,-219.7776825996529,-219.7776825996529,-219.7776825996529,0.0,0.0,0.0,8989.595984287742
2020-12-01,9299.740421384296,7668.309858780617,10903.005008433182,9299.740421384296,9299.740421384296,-23.606544387428894,-23.606544387428894,-23.606544387428894,-23.606544387428894,-23.606544387428894,-23.606544387428894,0.0,0.0,0.0,9276.133876996868
2021-01-01,9420.486822638575,7635.9704355098365,10854.249908023256,9420.486822638575,9420.486822638575,-117.50296513337702,-117.50296513337702,-117.50296513337702,-117.50296513337702,-117.50296513337702,-117.50296513337702,0.0,0.0,0.0,9302.983857505198
2021-02-01,9541.233223892854,7326.607911846839,10515.111538472462,9541.233223892854,9541.233223892854,-597.3694226929604,-597.3694226929604,-597.3694226929604,-597.3694226929604,-597.3694226929604,-597.3694226929604,0.0,0.0,0.0,8943.863801199894
2021-03-01,9650.294489541879,8243.851853265105,11572.888489984112,9650.294489541879,9650.294489541879,245.97621538130534,245.97621538130534,245.97621538130534,245.97621538130534,245.97621538130534,245.97621538130534,0.0,0.0,0.0,9896.270704923183
2021-04-01,9811.414347543821,8892.326987522452,12092.696165465492,9811.414347543821,9811.414347543821,653.8862874660446,653.8862874660446,653.8862874660446,653.8862874660446,653.8862874660446,653.8862874660446,0.0,0.0,0.0,10465.300635009866
2021-05-01,9967.336790771506,9133.33353238356,12323.142913319598,9967.336790771506,9967.336790771506,753.119712374343,753.119712374343,753.119712374343,753.119712374343,753.119712374343,753.119712374343,0.0,0.0,0.0,10720.456503145848
2021-06-01,10128.456648773448,7505.729222866298,10685.782052831686,10128.456648773448,10128.456648773448,-981.0754057571971,-981.0754057571971,-981.0754057571971,-981.0754057571971,-981.0754057571971,-981.0754057571971,0.0,0.0,0.0,9147.38124301625
2021-07-01,10284.379092001134,7981.9742722310475,11223.89269516881,10284.379092001134,10284.379092001134,-706.2575292202533,-706.2575292202533,-706.2575292202533,-706.2575292202533,-706.2575292202533,-706.2575292202533,0.0,0.0,0.0,9578.121562780882
2021-08-01,10477.571939909618,8309.010225979828,11477.81469017321,10477.571939909618,10477.571939909618,-535.930190840151,-535.930190840151,-535.930190840151,-535.930190840151,-535.930190840151,-535.930190840151,0.0,0.0,0.0,9941.641749069468
2021-09-01,10670.764787818101,8568.290064610224,11869.98149244225,10670.764787818101,10670.764787818101,-462.3989669653056,-462.3989669653056,-462.3989669653056,-462.3989669653056,-462.3989669653056,-462.3989669653056,0.0,0.0,0.0,10208.365820852796
2021-10-01,10857.7256083747,8973.025905103676,12182.791527322355,10857.7256083747,10857.7256083747,-308.9618786710982,-308.9618786710982,-308.9618786710982,-308.9618786710982,-308.9618786710982,-308.9618786710982,0.0,0.0,0.0,10548.763729703602
2021-11-01,11074.837613696265,9177.698849444136,12433.297719922766,11074.837613696265,11074.837613696265,-322.15919549672424,-322.15919549672424,-322.15919549672424,-322.15919549672424,-322.15919549672424,-322.15919549672424,0.0,0.0,0.0,10752.67841819954
2021-12-01,11284.946005942944,9611.64257614426,12713.657899173228,11284.946005942944,11284.946005942944,-102.87851233149965,-102.87851233149965,-102.87851233149965,-102.87851233149965,-102.87851233149965,-102.87851233149965,0.0,0.0,0.0,11182.067493611445
2022-01-01,11502.058011264511,9967.251996110619,13057.44432571999,11502.058011264511,11502.058011264511,-7.663085567442787,-7.663085567442787,-7.663085567442787,-7.663085567442787,-7.663085567442787,-7.663085567442787,0.0,0.0,0.0,11494.394925697068
2022-02-01,11719.170016586078,9899.256016931282,13067.82877105113,11719.170016586078,11719.170016586078,-265.1310886014754,-265.1310886014754,-265.1310886014754,-265.1310886014754,-265.1310886014754,-265.1310886014754,0.0,0.0,0.0,11454.038927984602
2022-03-01,11926.544415947736,10519.331445171252,13671.644921634945,11926.544415947736,11926.544415947736,110.20229298902156,110.20229298902156,110.20229298902156,110.20229298902156,110.20229298902156,110.20229298902156,0.0,0.0,0.0,12036.746708936756
2022-04-01,12156.137500955283,11032.426533904441,14135.71081702071,12156.137500955283,12156.137500955283,410.1200374168701,410.1200374168701,410.1200374168701,410.1200374168701,410.1200374168701,410.1200374168701,0.0,0.0,0.0,12566.257538372152
2022-05-01,12378.324357414202,11382.286399378512,14606.774522331805,12378.324357414202,12378.324357414202,631.0424204487456,631.0424204487456,631.0424204487456,631.0424204487456,631.0424204487456,631.0424204487456,0.0,0.0,0.0,13009.366777862948
2022-06-01,12611.383390533898,10168.884652231807,13305.41531017892,12611.383390533898,12611.383390533898,-855.2054337291067,-855.2054337291067,-855.2054337291067,-855.2054337291067,-855.2054337291067,-855.2054337291067,0.0,0.0,0.0,11756.177956804791
2022-07-01,12836.924390327156,10844.587955590501,13886.921595807515,12836.924390327156,12836.924390327156,-506.45197620611407,-506.45197620611407,-506.45197620611407,-506.45197620611407,-506.45197620611407,-506.45197620611407,0.0,0.0,0.0,12330.472414121043
2022-08-01,13069.983423446854,11073.32299059336,14164.31601587125,13069.983423446854,13069.983423446854,-449.2502562713098,-449.2502562713098,-449.2502562713098,-449.2502562713098,-449.2502562713098,-449.2502562713098,0.0,0.0,0.0,12620.733167175546
2022-09-01,13303.042456566558,11162.931993300883,14316.135048472044,13303.042456566558,13303.042456566558,-555.4581792543609,-555.4581792543609,-555.4581792543609,-555.4581792543609,-555.4581792543609,-555.4581792543609,0.0,0.0,0.0,12747.584277312197
2022-10-01,13528.583458838802,11486.646224568865,14786.95833928813,13528.583458838802,13528.583458838802,-403.26321669739355,-403.26321669739355,-403.26321669739355,-403.26321669739355,-403.26321669739355,-403.26321669739355,0.0,0.0,0.0,13125.32024214141
2022-11-01,13761.642494520129,11705.95319260208,14869.323502893034,13761.642494520129,13761.642494520129,-422.94581624752493,-422.94581624752493,-422.94581624752493,-422.94581624752493,-422.94581624752493,-422.94581624752493,0.0,0.0,0.0,13338.696678272603
2022-12-01,13987.183496792371,12302.974053247233,15362.01809446764,13987.183496792371,13987.183496792371,-176.6787054351234,-176.6787054351234,-176.6787054351234,-176.6787054351234,-176.6787054351234,-176.6787054351234,0.0,0.0,0.0,13810.504791357249
2023-01-01,14220.242683684663,12761.590553799051,15945.745726482528,14220.242683684663,14220.242683684663,108.31031394002518,108.31031394002518,108.31031394002518,108.31031394002518,108.31031394002518,108.31031394002518,0.0,0.0,0.0,14328.552997624687
2023-02-01,14453.301870576948,12894.854452646025,16028.342842613944,14453.301870576948,14453.301870576948,64.48396759891844,64.48396759891844,64.48396759891844,64.48396759891844,64.48396759891844,64.48396759891844,0.0,0.0,0.0,14517.785838175867
2023-03-01,14663.806942608691,12935.07131375844,16235.536752007187,14663.806942608691,14663.806942608691,-34.03786812847598,-34.03786812847598,-34.03786812847598,-34.03786812847598,-34.03786812847598,-34.03786812847598,0.0,0.0,0.0,14629.769074480215
2023-04-01,14896.866129500982,13466.472803479282,16690.781760763246,14896.866129500982,14896.866129500982,165.53692929438628,165.53692929438628,165.53692929438628,165.53692929438628,165.53692929438628,165.53692929438628,0.0,0.0,0.0,15062.40305879537
2023-05-01,15122.407280610487,14026.388128010996,17083.500796875272,15122.407280610487,15122.407280610487,515.7009887037261,515.7009887037261,515.7009887037261,515.7009887037261,515.7009887037261,515.7009887037261,0.0,0.0,0.0,15638.108269314213
2023-06-01,15355.466470090316,12894.227236082526,16119.573880402224,15355.466470090316,15355.466470090316,-722.3870278811772,-722.3870278811772,-722.3870278811772,-722.3870278811772,-722.3870278811772,-722.3870278811772,0.0,0.0,0.0,14633.079442209139
2023-07-01,15581.007621199824,13652.621660773466,16891.553664780567,15581.007621199824,15581.007621199824,-307.2824949143516,-307.2824949143516,-307.2824949143516,-307.2824949143516,-307.2824949143516,-307.2824949143516,0.0,0.0,0.0,15273.725126285472
2023-08-01,15814.066853856595,13885.882227956241,17049.615544739263,15814.066853856595,15814.066853856595,-368.26961479888797,-368.26961479888797,-368.26961479888797,-368.26961479888797,-368.26961479888797,-368.26961479888797,0.0,0.0,0.0,15445.797239057707
2023-09-01,16047.126086513366,13702.358393669238,17062.76373479763,16047.126086513366,16047.126086513366,-653.1836043777053,-653.1836043777053,-653.1836043777053,-653.1836043777053,-653.1836043777053,-653.1836043777053,0.0,0.0,0.0,15393.94248213566
2023-10-01,16272.667279407015,14270.5388431627,17289.356152863988,16272.667279407015,16272.667279407015,-498.393710059338,-498.393710059338,-498.393710059338,-498.393710059338,-498.393710059338,-498.393710059338,0.0,0.0,0.0,15774.273569347677
2023-11-01,16505.726512063786,14335.565151736406,17487.635590473117,16505.726512063786,16505.726512063786,-521.9545458287706,-521.9545458287706,-521.9545458287706,-521.9545458287706,-521.9545458287706,-521.9545458287706,0.0,0.0,0.0,15983.771966235015
2023-12-01,16731.267704957434,14900.033170349201,18006.07150098353,16731.267704957434,16731.267704957434,-244.9415331933787,-244.9415331933787,-244.9415331933787,-244.9415331933787,-244.9415331933787,-244.9415331933787,0.0,0.0,0.0,16486.326171764056
2024-01-01,16964.3269376142,15705.24607361224,18778.023797926082,16964.3269376142,16964.3269376142,230.19407263070363,230.19407263070363,230.19407263070363,230.19407263070363,230.19407263070363,230.19407263070363,0.0,0.0,0.0,17194.521010244905
2024-02-01,17197.386170270976,15992.652382190096,19194.34658066692,17197.386170270976,17197.386170270976,391.05008463489565,391.05008463489565,391.05008463489565,391.05008463489565,391.05008463489565,391.05008463489565,0.0,0.0,0.0,17588.43625490587
2024-03-01,17415.409323401505,16231.360236150696,19352.198749999487,17415.409323401505,17415.409323401505,373.11110211740106,373.11110211740106,373.11110211740106,373.11110211740106,373.11110211740106,373.11110211740106,0.0,0.0,0.0,17788.520425518906
2024-04-01,17648.468556058273,16951.942888286587,20181.492526523834,17648.468556058273,17648.468556058273,896.4646677104022,896.4646677104022,896.4646677104022,896.4646677104022,896.4646677104022,896.4646677104022,0.0,0.0,0.0,18544.933223768676
2024-05-01,17874.009748951925,17229.41216492997,20420.503934816225,17874.009748951925,17874.009748951925,881.7419971844895,881.7419971844895,881.7419971844895,881.7419971844895,881.7419971844895,881.7419971844895,0.0,0.0,0.0,18755.751746136415
2024-06-01,18107.068981608692,15455.156327969056,18548.02723096092,18107.068981608692,18107.068981608692,-1099.8387103247392,-1099.8387103247392,-1099.8387103247392,-1099.8387103247392,-1099.8387103247392,-1099.8387103247392,0.0,0.0,0.0,17007.230271283952
2024-07-01,18332.61017450234,15844.766739049322,18877.50594415042,18332.61017450234,18332.61017450234,-906.3852287970894,-906.3852287970894,-906.3852287970894,-906.3852287970894,-906.3852287970894,-906.3852287970894,0.0,0.0,0.0,17426.224945705253
2024-08-01,18565.669407159112,16355.956209433854,19521.29751185133,18565.669407159112,18565.669407159112,-628.1631477047247,-628.1631477047247,-628.1631477047247,-628.1631477047247,-628.1631477047247,-628.1631477047247,0.0,0.0,0.0,17937.50625945439
2024-09-01,18798.728639815883,16759.198736081707,19900.652013967592,18798.728639815883,18798.728639815883,-374.1123845208712,-374.1123845208712,-374.1123845208712,-374.1123845208712,-374.1123845208712,-374.1123845208712,0.0,0.0,0.0,18424.61625529501
2024-10-01,19024.26983270953,17375.799182035546,20414.01481083323,19024.26983270953,19024.26983270953,-215.67423160695853,-215.67423160695853,-215.67423160695853,-215.67423160695853,-215.67423160695853,-215.67423160695853,0.0,0.0,0.0,18808.595601102574
2024-11-01,19257.329065366303,17571.581270703555,20605.988904479436,19257.329065366303,19257.329065366303,-219.7776825981559,-219.7776825981559,-219.7776825981559,-219.7776825981559,-219.7776825981559,-219.7776825981559,0.0,0.0,0.0,19037.551382768146
2024-12-01,19482.87025825995,17841.78177634471,20982.89893386694,19482.87025825995,19482.87025825995,-23.606544386220374,-23.606544386220374,-23.606544386220374,-23.606544386220374,-23.606544386220374,-23.606544386220374,0.0,0.0,0.0,19459.26371387373
2025-01-01,19715.929490916722,17954.817432412525,21237.072418356405,19715.929490916722,19715.929490916722,-117.50296513474628,-117.50296513474628,-117.50296513474628,-117.50296513474628,-117.50296513474628,-117.50296513474628,0.0,0.0,0.0,19598.426525781975
2025-02-01,19948.988723573493,17850.155623196133,21007.234133976966,19948.988723573493,19948.988723573493,-597.3694226927317,-597.3694226927317,-597.3694226927317,-597.3694226927317,-597.3694226927317,-597.3694226927317,0.0,0.0,0.0,19351.61930088076
2025-03-01,20159.4938369409,18806.163126056705,22146.969224902874,20159.4938369409,20159.4938369409,245.97621538026385,245.97621538026385,245.97621538026385,245.97621538026385,245.97621538026385,245.97621538026385,0.0,0.0,0.0,20405.47005232116
2025-04-01,20392.55306959767,19404.33972212014,22730.863685012984,20392.55306959767,20392.55306959767,653.8862874645591,653.8862874645591,653.8862874645591,653.8862874645591,653.8862874645591,653.8862874645591,0.0,0.0,0.0,21046.43935706223
2025-05-01,20618.09426249132,19708.438688242048,22884.9635598197,20618.09426249132,20618.09426249132,753.11971237388,753.11971237388,753.11971237388,753.11971237388,753.11971237388,753.11971237388,0.0,0.0,0.0,21371.213974865197
2025-05-31,20843.635455384967,18789.16938833151,21970.51692228906,20842.838448564275,20843.640055606615,-436.6025105688218,-436.6025105688218,-436.6025105688218,-436.6025105688218,-436.6025105688218,-436.6025105688218,0.0,0.0,0.0,20407.032944816146
2025-06-30,21069.176648278615,19487.095275022155,22721.097310693698,21064.05717897634,21072.79763659493,87.89752763298196,87.89752763298196,87.89752763298196,87.89752763298196,87.89752763298196,87.89752763298196,0.0,0.0,0.0,21157.074175911595
2025-07-31,21302.235880935386,19398.976865736677,22676.34064114173,21291.138638407716,21313.069428675873,-223.938320968586,-223.938320968586,-223.938320968586,-223.938320968586,-223.938320968586,-223.938320968586,0.0,0.0,0.0,21078.2975599668
2025-08-31,21535.295113592158,19138.53257715309,22247.196049772287,21516.86722469987,21554.618136713867,-862.1602130822637,-862.1602130822637,-862.1602130822637,-862.1602130822637,-862.1602130822637,-862.1602130822637,0.0,0.0,0.0,20673.134900509893
2025-09-30,21760.836306485806,19524.658583171265,22597.044582913826,21732.70867277029,21788.76967552354,-690.3949873484618,-690.3949873484618,-690.3949873484618,-690.3949873484618,-690.3949873484618,-690.3949873484618,0.0,0.0,0.0,21070.441319137342
2025-10-31,21993.895539142577,19676.53539492559,22925.326458654246,21957.577946264963,22032.226085969673,-713.9265804218954,-713.9265804218954,-713.9265804218954,-713.9265804218954,-713.9265804218954,-713.9265804218954,0.0,0.0,0.0,21279.96895872068
2025-11-30,22219.43673203623,20227.876337353944,23490.901627569372,22172.838603003387,22267.621932772898,-364.6480150526036,-364.6480150526036,-364.6480150526036,-364.6480150526036,-364.6480150526036,-364.6480150526036,0.0,0.0,0.0,21854.788716983625
2025-12-31,22452.495964692996,21280.830274995682,24580.908193003394,22394.371202602688,22514.381084671528,490.74934313039046,490.74934313039046,490.74934313039046,490.74934313039046,490.74934313039046,490.74934313039046,0.0,0.0,0.0,22943.24530782339
2026-01-31,22685.555197349764,22062.314231854787,25262.094759580654,22612.355150770683,22761.29749639905,1033.3634780647608,1033.3634780647608,1033.3634780647608,1033.3634780647608,1033.3634780647608,1033.3634780647608,0.0,0.0,0.0,23718.918675414527
2026-02-28,22896.060310717174,20774.540489755564,24005.994653108355,22809.755702382794,22985.865314109786,-515.589462966288,-515.589462966288,-515.589462966288,-515.589462966288,-515.589462966288,-515.589462966288,0.0,0.0,0.0,22380.470847750887
2026-03-31,23129.11954337394,21000.84418307169,24076.013222348483,23028.63615181162,23231.904192229184,-569.3779718104929,-569.3779718104929,-569.3779718104929,-569.3779718104929,-569.3779718104929,-569.3779718104929,0.0,0.0,0.0,22559.74157156345
2026-04-30,23354.660736267593,22012.10292429707,25217.41765665792,23238.781548308903,23473.40028083948,211.8037249020877,211.8037249020877,211.8037249020877,211.8037249020877,211.8037249020877,211.8037249020877,0.0,0.0,0.0,23566.464461169682
2026-05-31,23587.71996892436,21742.709031722043,24883.963888899456,23455.094557110413,23724.415182370387,-284.0166432613101,-284.0166432613101,-284.0166432613101,-284.0166432613101,-284.0166432613101,-284.0166432613101,0.0,0.0,0.0,23303.70332566305
2026-06-30,23813.261161818005,22380.833585884266,25765.32749405205,23661.73108457357,23967.766417515573,283.28691256127377,283.28691256127377,283.28691256127377,283.28691256127377,283.28691256127377,283.28691256127377,0.0,0.0,0.0,24096.54807437928
2026-07-31,24046.32039447478,22293.7209651017,25616.598018455385,23879.806822478255,24215.90383689816,-160.8264606609625,-160.8264606609625,-160.8264606609625,-160.8264606609625,-160.8264606609625,-160.8264606609625,0.0,0.0,0.0,23885.493933813817
2026-08-31,24279.37962713155,21798.77723591762,24775.62630990228,24095.109802733743,24469.236489347342,-973.1519023240072,-973.1519023240072,-973.1519023240072,-973.1519023240072,-973.1519023240072,-973.1519023240072,0.0,0.0,0.0,23306.227724807544
2026-09-30,24504.9208200252,22181.165664628297,25443.450734966333,24306.209725335673,24713.94407503791,-786.8888292501769,-786.8888292501769,-786.8888292501769,-786.8888292501769,-786.8888292501769,-786.8888292501769,0.0,0.0,0.0,23718.031990775024
2026-10-31,24737.98005268197,22537.882379361658,25672.943120974956,24522.85639830853,24966.032977554318,-806.5451950512178,-806.5451950512178,-806.5451950512178,-806.5451950512178,-806.5451950512178,-806.5451950512178,0.0,0.0,0.0,23931.434857630753
2026-11-30,24963.52124557562,23018.802144465106,26211.78924852479,24733.734332856813,25209.14966380827,-416.0158949837422,-416.0158949837422,-416.0158949837422,-416.0158949837422,-416.0158949837422,-416.0158949837422,0.0,0.0,0.0,24547.505350591877
2026-12-31,25196.58047823239,24130.145375249627,27357.168037722164,24953.697253110236,25462.93347998213,628.9252600066184,628.9252600066184,628.9252600066184,628.9252600066184,628.9252600066184,628.9252600066184,0.0,0.0,0.0,25825.505738239008
2027-01-31,25429.639710889165,25124.46495929319,28447.262096869374,25170.363878083783,25717.647039686854,1348.2920639576316,1348.2920639576316,1348.2920639576316,1348.2920639576316,1348.2920639576316,1348.2920639576316,0.0,0.0,0.0,26777.9317748468
2027-02-28,25640.144824256568,23298.108902834505,26556.053578324252,25350.78910728763,25952.652775403916,-691.6509818848111,-691.6509818848111,-691.6509818848111,-691.6509818848111,-691.6509818848111,-691.6509818848111,0.0,0.0,0.0,24948.493842371758
2027-03-31,25873.204056913342,23392.37332763638,26561.690016131175,25566.127684716193,26209.478465040575,-813.4891844765923,-813.4891844765923,-813.4891844765923,-813.4891844765923,-813.4891844765923,-813.4891844765923,0.0,0.0,0.0,25059.71487243675
2027-04-30,26098.745249806987,24594.821292938945,27850.580150515594,25771.714408972606,26460.0073453239,125.0498405371049,125.0498405371049,125.0498405371049,125.0498405371049,125.0498405371049,125.0498405371049,0.0,0.0,0.0,26223.79509034409
2027-05-31,26331.804482463755,24563.06043592029,27841.252949932627,25990.363321670076,26720.91669304044,-125.2421870508575,-125.2421870508575,-125.2421870508575,-125.2421870508575,-125.2421870508575,-125.2421870508575,0.0,0.0,0.0,26206.562295412896
2027-06-30,26557.345675357406,25308.684703491435,28752.04162075784,26191.185772846162,26976.117302583534,476.7990531470162,476.7990531470162,476.7990531470162,476.7990531470162,476.7990531470162,476.7990531470162,0.0,0.0,0.0,27034.144728504423
2027-07-31,26790.404908014174,24973.20696866021,28366.948952228344,26398.692684225283,27231.492229873875,-103.89100590467892,-103.89100590467892,-103.89100590467892,-103.89100590467892,-103.89100590467892,-103.89100590467892,0.0,0.0,0.0,26686.513902109495
2027-08-31,27023.464140670945,24422.39921119363,27640.284152112137,26610.861139509612,27494.464755993813,-1088.2912258712638,-1088.2912258712638,-1088.2912258712638,-1088.2912258712638,-1088.2912258712638,-1088.2912258712638,0.0,0.0,0.0,25935.17291479968
2027-09-30,27249.0053335646,24835.0587282873,28107.539464977057,26812.629848543485,27736.43615133603,-883.4587246069403,-883.4587246069403,-883.4587246069403,-883.4587246069403,-883.4587246069403,-883.4587246069403,0.0,0.0,0.0,26365.546608957662
2027-10-31,27482.06456622137,24921.744544297195,28238.543783539102,27019.216945639975,28001.412016363516,-896.6972234251721,-896.6972234251721,-896.6972234251721,-896.6972234251721,-896.6972234251721,-896.6972234251721,0.0,0.0,0.0,26585.367342796195
2027-11-30,27707.605759115013,25645.27638517327,28868.131227282105,27213.674865239267,28259.371766372285,-461.69489311811617,-461.69489311811617,-461.69489311811617,-461.69489311811617,-461.69489311811617,-461.69489311811617,0.0,0.0,0.0,27245.910865996895
2027-12-31,27940.664991771788,27108.060007399057,30423.02577577769,27426.231719937583,28522.698087495693,772.0213209308771,772.0213209308771,772.0213209308771,772.0213209308771,772.0213209308771,772.0213209308771,0.0,0.0,0.0,28712.686312702666
2028-01-31,28173.72422442856,28168.175036899007,31526.270652610892,27645.353186002427,28785.68443736029,1658.5356398425056,1658.5356398425056,1658.5356398425056,1658.5356398425056,1658.5356398425056,1658.5356398425056,0.0,0.0,0.0,29832.259864271065
2028-02-29,28391.747377559084,26549.391945195108,29875.466742828037,27844.48007339665,29025.495912273873,-186.5554622281254,-186.5554622281254,-186.5554622281254,-186.5554622281254,-186.5554622281254,-186.5554622281254,0.0,0.0,0.0,28205.191915330957
2028-03-31,28624.806610215852,26835.189436955672,30117.530290779785,28053.28824908538,29286.13240826641,-79.49005854117408,-79.49005854117408,-79.49005854117408,-79.49005854117408,-79.49005854117408,-79.49005854117408,0.0,0.0,0.0,28545.316551674678
2028-04-30,28850.347803109504,27523.491309863926,31105.304247052773,28251.070105467516,29538.139696315055,407.2732927104354,407.2732927104354,407.2732927104354,407.2732927104354,407.2732927104354,407.2732927104354,0.0,0.0,0.0,29257.62109581994
2028-05-31,29083.40703576627,26822.635892621965,30449.93154351298,28463.839535641615,29797.938020683574,-582.7914115181318,-582.7914115181318,-582.7914115181318,-582.7914115181318,-582.7914115181318,-582.7914115181318,0.0,0.0,0.0,28500.61562424814
2028-06-30,29308.948228659923,27560.550123694007,31018.415152022688,28667.012592144067,30047.646629395735,-109.06213002572406,-109.06213002572406,-109.06213002572406,-109.06213002572406,-109.06213002572406,-109.06213002572406,0.0,0.0,0.0,29199.8860986342
2028-07-31,29542.00746131669,27445.3310074813,31024.206675154688,28860.878615743015,30327.89319406163,-293.1239955879321,-293.1239955879321,-293.1239955879321,-293.1239955879321,-293.1239955879321,-293.1239955879321,0.0,0.0,0.0,29248.88346572876
2028-08-31,29775.066693973466,27251.505392790717,30728.40659022007,29064.09757630707,30597.90780449948,-755.4593473643471,-755.4593473643471,-755.4593473643471,-755.4593473643471,-755.4593473643471,-755.4593473643471,0.0,0.0,0.0,29019.60734660912
2028-09-30,30000.60788686711,27805.858725073595,31184.625037890306,29258.54917988683,30855.29592761369,-594.1669392991098,-594.1669392991098,-594.1669392991098,-594.1669392991098,-594.1669392991098,-594.1669392991098,0.0,0.0,0.0,29406.440947568
2028-10-31,30233.667119523885,27848.770723252404,31311.354712890814,29462.568034714586,31114.404498298783,-619.0063627537037,-619.0063627537037,-619.0063627537037,-619.0063627537037,-619.0063627537037,-619.0063627537037,0.0,0.0,0.0,29614.660756770183
2028-11-30,30459.208312417537,28413.665634285742,31819.76625016661,29664.31907057915,31367.620217872947,-307.61245239543746,-307.61245239543746,-307.61245239543746,-307.61245239543746,-307.61245239543746,-307.61245239543746,0.0,0.0,0.0,30151.5958600221
2028-12-31,30692.267545074305,29260.76328366049,32874.87785970472,29870.80244673041,31634.07348635808,357.754800659951,357.754800659951,357.754800659951,357.754800659951,357.754800659951,357.754800659951,0.0,0.0,0.0,31050.022345734254
2029-01-31,30925.326777731076,29830.020011753684,33671.69254731448,30071.72236092057,31895.735225476317,714.1475907895632,714.1475907895632,714.1475907895632,714.1475907895632,714.1475907895632,714.1475907895632,0.0,0.0,0.0,31639.474368520638
2029-02-28,31135.831891098478,29057.297264440094,32656.71156615859,30242.998437238766,32132.50612594767,-347.14596688752147,-347.14596688752147,-347.14596688752147,-347.14596688752147,-347.14596688752147,-347.14596688752147,0.0,0.0,0.0,30788.685924210957
2029-03-31,31368.891123755246,29283.580370115338,32850.763644733786,30446.93103343858,32398.513150729323,-324.5866547677123,-324.5866547677123,-324.5866547677123,-324.5866547677123,-324.5866547677123,-324.5866547677123,0.0,0.0,0.0,31044.304468987535
2029-04-30,31594.432316648898,30051.496675122093,33750.95952328991,30641.076043477162,32657.190787345527,305.9238911694036,305.9238911694036,305.9238911694036,305.9238911694036,305.9238911694036,305.9238911694036,0.0,0.0,0.0,31900.356207818302
